{
    "Changes": [
        {
            "Action": "EditData",
            "Target": "Data/SpecialOrders",
            "Update": "OnLocationChange",
            "Entries": {
                "ApplesZygote": {
                    "Name": "[Apples_Name]",
                    "Requester": "Apples",
                    "Duration": "Month",
                    "Repeatable": "False",
                    "RequiredTags": "event_77759294",
                    "OrderType": "StardewValleyExpanded",
                    "SpecialRule": "",
                    "Text": "[Apples_Text]",
                    "ItemToRemoveOnEnd": null,
                    "MailToRemoveOnEnd": null,
                    "RandomizedElements": null,
                    "Objectives": [
                        {
                            "Type": "Donate",
                            "Text": "[Apples_Objective_1_Text]",
                            "RequiredCount": "25",
                            "Data": {
                                "DropBox": "ApplesJunimoTile",
                                "DropBoxGameLocation": "Custom_AuroraVineyard",
                                "DropBoxIndicatorLocation": "50 50",
                                "AcceptedContextTags": "item_starfruit"
                            }
                        }
                    ],
                    "Rewards": [
                        {
                            "Type": "Mail",
                            "Data": {
                                "MailReceived": "ApplesNowHappy",
                                "Host": "true"
                            }
                        },
                        {
                            "Type": "Friendship",
                            "Data": {}
                        }
                    ]
                }
            }
        },
        {
            "Action": "EditData",
            "Target": "Data/SpecialOrders",
            "Update": "OnLocationChange",
            "Entries": {
                "ApplesBaby": {
                    "Name": "[Apples_Name]",
                    "Requester": "Apples",
                    "Duration": "Month",
                    "Repeatable": "False",
                    "RequiredTags": "event_77759294",
                    "OrderType": "StardewValleyExpanded",
                    "SpecialRule": "",
                    "Text": "[Apples_Text]",
                    "ItemToRemoveOnEnd": null,
                    "MailToRemoveOnEnd": null,
                    "RandomizedElements": null,
                    "Objectives": [
                        {
                            "Type": "Donate",
                            "Text": "[Apples_Objective_1_Text]",
                            "RequiredCount": "50",
                            "Data": {
                                "DropBox": "ApplesJunimoTile",
                                "DropBoxGameLocation": "Custom_AuroraVineyard",
                                "DropBoxIndicatorLocation": "50 50",
                                "AcceptedContextTags": "item_starfruit"
                            }
                        }
                    ],
                    "Rewards": [
                        {
                            "Type": "Mail",
                            "Data": {
                                "MailReceived": "ApplesNowHappy",
                                "Host": "true"
                            }
                        },
                        {
                            "Type": "Friendship",
                            "Data": {}
                        }
                    ]
                }
            }
        },
        {
            "Action": "EditData",
            "Target": "Data/SpecialOrders",
            "Update": "OnLocationChange",
            "Entries": {
                "ApplesOomfie": {
                    "Name": "[Apples_Name]",
                    "Requester": "Apples",
                    "Duration": "Month",
                    "Repeatable": "False",
                    "RequiredTags": "event_77759294",
                    "OrderType": "StardewValleyExpanded",
                    "SpecialRule": "",
                    "Text": "[Apples_Text]",
                    "ItemToRemoveOnEnd": null,
                    "MailToRemoveOnEnd": null,
                    "RandomizedElements": null,
                    "Objectives": [
                        {
                            "Type": "Donate",
                            "Text": "[Apples_Objective_1_Text]",
                            "RequiredCount": "100",
                            "Data": {
                                "DropBox": "ApplesJunimoTile",
                                "DropBoxGameLocation": "Custom_AuroraVineyard",
                                "DropBoxIndicatorLocation": "50 50",
                                "AcceptedContextTags": "item_starfruit"
                            }
                        }
                    ],
                    "Rewards": [
                        {
                            "Type": "Mail",
                            "Data": {
                                "MailReceived": "ApplesNowHappy",
                                "Host": "true"
                            }
                        },
                        {
                            "Type": "Friendship",
                            "Data": {}
                        }
                    ]
                }
            }
        },
        {
            "Action": "EditData",
            "Target": "Data/SpecialOrders",
            "Update": "OnLocationChange",
            "Entries": {
                "ApplesAdult": {
                    "Name": "[Apples_Name]",
                    "Requester": "Apples",
                    "Duration": "Month",
                    "Repeatable": "False",
                    "RequiredTags": "event_77759294",
                    "OrderType": "StardewValleyExpanded",
                    "SpecialRule": "",
                    "Text": "[Apples_Text]",
                    "ItemToRemoveOnEnd": null,
                    "MailToRemoveOnEnd": null,
                    "RandomizedElements": null,
                    "Objectives": [
                        {
                            "Type": "Donate",
                            "Text": "[Apples_Objective_1_Text]",
                            "RequiredCount": "300",
                            "Data": {
                                "DropBox": "ApplesJunimoTile",
                                "DropBoxGameLocation": "Custom_AuroraVineyard",
                                "DropBoxIndicatorLocation": "50 50",
                                "AcceptedContextTags": "item_starfruit"
                            }
                        }
                    ],
                    "Rewards": [
                        {
                            "Type": "Mail",
                            "Data": {
                                "MailReceived": "ApplesNowHappy",
                                "Host": "true"
                            }
                        },
                        {
                            "Type": "Friendship",
                            "Data": {}
                        }
                    ]
                }
            }
        },
        {
            "Action": "EditData",
            "Target": "Data/SpecialOrders",
            "Update": "OnLocationChange",
            "Entries": {
                "ApplesBoomer": {
                    "Name": "[Apples_Name]",
                    "Requester": "Apples",
                    "Duration": "Month",
                    "Repeatable": "False",
                    "RequiredTags": "event_77759294",
                    "OrderType": "StardewValleyExpanded",
                    "SpecialRule": "",
                    "Text": "[Apples_Text]",
                    "ItemToRemoveOnEnd": null,
                    "MailToRemoveOnEnd": null,
                    "RandomizedElements": null,
                    "Objectives": [
                        {
                            "Type": "Donate",
                            "Text": "[Apples_Objective_1_Text]",
                            "RequiredCount": "400",
                            "Data": {
                                "DropBox": "ApplesJunimoTile",
                                "DropBoxGameLocation": "Custom_AuroraVineyard",
                                "DropBoxIndicatorLocation": "50 50",
                                "AcceptedContextTags": "item_starfruit"
                            }
                        }
                    ],
                    "Rewards": [
                        {
                            "Type": "Mail",
                            "Data": {
                                "MailReceived": "ApplesNowHappy",
                                "Host": "true"
                            }
                        },
                        {
                            "Type": "Friendship",
                            "Data": {}
                        }
                    ]
                }
            }
        },
        {
            "Action": "EditData",
            "Target": "Data/SpecialOrders",
            "Update": "OnLocationChange",
            "Entries": {
                "ApplesEldritchHorror": {
                    "Name": "[Apples_Name]",
                    "Requester": "Apples",
                    "Duration": "Month",
                    "Repeatable": "False",
                    "RequiredTags": "event_77759294",
                    "OrderType": "StardewValleyExpanded",
                    "SpecialRule": "",
                    "Text": "[Apples_Text]",
                    "ItemToRemoveOnEnd": null,
                    "MailToRemoveOnEnd": null,
                    "RandomizedElements": null,
                    "Objectives": [
                        {
                            "Type": "Donate",
                            "Text": "[Apples_Objective_1_Text]",
                            "RequiredCount": "999",
                            "Data": {
                                "DropBox": "ApplesJunimoTile",
                                "DropBoxGameLocation": "Custom_AuroraVineyard",
                                "DropBoxIndicatorLocation": "50 50",
                                "AcceptedContextTags": "item_starfruit"
                            }
                        }
                    ],
                    "Rewards": [
                        {
                            "Type": "Mail",
                            "Data": {
                                "MailReceived": "ApplesNowHappy",
                                "Host": "true"
                            }
                        },
                        {
                            "Type": "Friendship",
                            "Data": {}
                        }
                    ]
                }
            }
        }
    ]
}