{
    "Changes": [
      {
        "LogName": "Disposition",
        "Action": "EditData",
        "Target": "Data/NPCDispositions",
        "Entries": {
            "Gunther": "adult/polite/outgoing/neutral/male/not-datable/null/Town/winter 12//ArchaeologyHouse 3 8/Gunther",
            "Marlon": "adult/neutral/outgoing/neutral/male/not-datable/Marnie/Town/winter 19//AdventureGuild 5 11/Marlon"
        },
        "When": {
            "HasMod |contains=FlashShifter.StardewValleyExpandedALL,Yoshimax.BefriendMarlon,andril11.charlie, ChicoLopes.GuntherToNPC, Wolf.Gun": false
        }
      }
    ]
  }